{
    "loss": 0.6866865158081055,
    "accuracy": 0.536697268486023
}