{
    "loss": 0.6472736597061157,
    "accuracy": 0.6788991093635559
}